title,summary,source,published_at,url
Tesla Is Losing the EV War to Chinese Carmakers,"For the second straight quarter, Tesla’s sales have declined while Chinese rivals like BYD and NIO are surging, a sign of a major power shift in the global electric vehicle market.",Gizmodo.com,2025-07-07T16:45:47Z,https://gizmodo.com/tesla-is-losing-the-ev-war-to-chinese-carmakers-2000625079
Underwater turbine spinning for 6 years off Scotland's coast is a breakthrough for tidal energy,"Submerged in about 40 meters (44 yards) of water off Scotland's coast, a turbine has been spinning for more than six years to harness the power of ocean...",Yahoo Entertainment,2025-07-07T16:53:42Z,https://www.yahoo.com/news/underwater-turbine-spinning-6-years-165342897.html
Natural Gas Harms US Economy And Won’t Solve Rising Electricity Demand,Renewable energy has generated more power than natural gas because it provides cheap and fast electricity to meet demand.,Forbes,2025-07-06T11:56:00Z,https://www.forbes.com/sites/energyinnovation/2025/07/06/natural-gas-harms-us-economy-and-wont-solve-rising-electricity-demand/
"Thanks to Trump, the clean energy industry is in jeopardy","The ""One Big Beautiful Bill Act"" takes aim at American jobs and technology",Salon,2025-07-06T13:00:13Z,https://www.salon.com/2025/07/06/thanks-to-trump-the-clean-energy-industry-is-in-jeopardy/
Chevron and Exxon Lead $34B US-Indonesia Energy and Trade Pact,"CVX and Exxon Mobil, in a strategic collaboration with Pertamina, lead a $34 billion US-Indonesia agreement to boost energy and agri-trade ties.",Yahoo Entertainment,2025-07-08T12:05:00Z,https://finance.yahoo.com/news/chevron-exxon-lead-34b-us-120500761.html
Global Carbon Emissions Reach Record High Despite Green Efforts,"So much for ""green energy will save us"" hype. Carbon emssions keep rising.",Nakedcapitalism.com,2025-07-05T10:10:50Z,https://www.nakedcapitalism.com/2025/07/global-carbon-emissions-reach-record-high-despite-green-efforts.html
"“AI YOUR LIFE”, Anywhere: Hisense Transforms Stadium Excitement into Home Immersion","Hisense technology elevates the experience and emotion of sport, even when you're not at the game.",Gizmodo.com,2025-07-08T07:00:42Z,https://gizmodo.com/from-pitch-to-living-room-how-hisense-turns-ai-your-life-into-real-experiences-2000620947
UK Scientists Achieve First Commercial Tritium Production,"Interesting Engineering reports:
Astral Systems, a UK-based private commercial fusion company, has claimed to have become the first firm to successfully breed tritium, a vital fusion fuel, using its own operational fusion reactor. This achievement, made with …",Slashdot.org,2025-07-05T22:34:00Z,https://hardware.slashdot.org/story/25/07/05/150216/uk-scientists-achieve-first-commercial-tritium-production
BRICS Demand Wealthy Nations Fund Global Climate Transition,"Leaders of the BRICS group of developing nations addressed the shared challenges of global warming on Monday, the final day of their summit in Rio de Janeiro, demanding that wealthy nations fund mitigation of greenhouse gas emissions in poorer nations. From a…",Slashdot.org,2025-07-07T20:15:00Z,https://news.slashdot.org/story/25/07/07/1926225/brics-demand-wealthy-nations-fund-global-climate-transition
Netflix Says 50% of Global Users Now Watch Anime,"An anonymous reader shares a report: Netflix doubled down on its global anime strategy over the weekend, unveiling a slate of new titles and fresh footage during its showcase at Anime Expo in Los Angeles. 

The company also shared updated viewership data high…",Slashdot.org,2025-07-07T18:15:00Z,https://entertainment.slashdot.org/story/25/07/07/184247/netflix-says-50-of-global-users-now-watch-anime
The 10 highest-grossing actors at the global box office,"With ""Jurassic World Rebirth,"" Scarlett Johansson has usurped Samuel L. Jackson as the highest-grossing actor of all time at the global box office.",Business Insider,2025-07-08T19:07:02Z,https://www.businessinsider.com/highest-grossing-actors-box-office-all-time
"From AI Grid Management To Hydrogen, India's Climate Tech Sector Is Growing","India’s climate tech sector is growing fast, with innovations in AI, hydrogen, and storage, positioning it as a global leader in clean energy solutions.",Forbes,2025-07-08T08:49:32Z,https://www.forbes.com/sites/vaishalinigamsinha/2025/07/08/from-ai-grid-management-to-hydrogen-indias-climate-tech-sector-is-growing/
China builds world's first massive 500-MW impulse turbines,"While still a couple years away from going live, China has just unveiled two turbines so massive it's hard to comprehend. With an outer diameter of 20 ft, 5 in (6.2 m), each turbine weighs 80 tons, is constructed from high-strength martensitic steel, and hous…",New Atlas,2025-07-07T01:01:06Z,https://newatlas.com/energy/china-worlds-first-500-mw-impulse-turbine/
She moved from Maryland to Morocco for a better life. She didn't expect to start a school in her home.,There's a growing microschool movement in the US. Julie Wilburn is taking it global.,Business Insider,2025-07-05T08:04:01Z,https://www.businessinsider.com/american-moved-from-maryland-to-morocco-opened-a-school-2025-7
1% of offshore wind investments could restore millions of hectares of marine life,"Offshore wind farms not only deliver clean energy but can also play a vital role in restoring vulnerable ecosystems both above and below the waterline. This includes seabed habitats, coral reefs, seagrass meadows and coastal wetlands: ecosystems that are crit…",Phys.Org,2025-07-07T19:40:01Z,https://phys.org/news/2025-07-offshore-investments-millions-hectares-marine.html
Samsung smartwatches saw a dramatic global drop in Q1 2025 shipments,A Q1 2025 report stated Samsung's smartwatch shipments dropped considerably compared to other OEMs.,Android Central,2025-07-07T19:59:12Z,https://www.androidcentral.com/wearables/samsung-galaxy-watch/samsung-smartwatch-global-drop-q1-2025-shipments
Climate: The Great Leap Backward,"In this week's Current Climate newsletter, a great leap backward for clean energy; red states–and AI–are big losers in Trump budget bill; assessing the end of Biden’s IRA",Forbes,2025-07-07T12:15:00Z,https://www.forbes.com/sites/alanohnsman/2025/07/07/climate-the-great-leap-backward/
"China wants to challenge Airbus and Boeing and shake up global aviation. Here's what you need to know about its upstart planemaker, Comac.","Comac has delivered fewer than 200 planes, but has huge ambitions to take on the duopoly that has dominated global aviation for decades.",Business Insider,2025-07-08T09:15:15Z,https://www.businessinsider.com/comac-china-boeing-airbus-rival-what-you-need-to-know-2025-7
The Entire Run of ‘Squid Game’ Is Currently Dominating Netflix Ratings,"The just-released third season tops the streamer's charts, with seasons two and one right behind it.",Gizmodo.com,2025-07-08T22:30:01Z,https://gizmodo.com/the-entire-run-of-squid-game-is-currently-dominating-netflix-ratings-2000626185
Asian Market Gems: 3 Stocks That Might Be Undervalued In July 2025,"As global markets experience mixed performances, with the U.S. indices reaching record highs and Asian markets showing varied results, investors are...",Yahoo Entertainment,2025-07-06T22:34:12Z,https://finance.yahoo.com/news/asian-market-gems-3-stocks-223412919.html
Carrier becomes latest global firm to sue India over electronic waste rules,NEW DELHI (Reuters) -The Indian unit of U.S. air conditioning giant Carrier has become the latest major firm to sue Prime Minister Narendra Modi's government...,Yahoo Entertainment,2025-07-07T08:57:52Z,https://ca.finance.yahoo.com/news/carrier-becomes-latest-global-firm-085752928.html
"Melting Glaciers Could Unleash a Barrage of Volcanic Eruptions Worldwide, Scientists Warn","Glacial retreat caused a wave of volcanic activity in southern Chile as the last Ice Age came to an end, according to new research.",Gizmodo.com,2025-07-08T15:10:19Z,https://gizmodo.com/melting-glaciers-could-unleash-a-barrage-of-volcanic-eruptions-worldwide-scientists-warn-2000625728
Trump threatens extra 10% tariff on nations that side with Brics,"The president said the levy will apply to ""any country aligning themselves with the Anti-American policies of Brics"".",BBC News,2025-07-07T04:01:23Z,https://www.bbc.com/news/articles/c1dnz7gw92zo
"With 'Big Beautiful Bill,' U.S. to Reverse Course on Clean Energy","The Republican spending bill, signed into law Friday, will reset the course for the U.S. energy sector, analyses show. The law rapidly phases out tax credits for wind, solar, and electric cars, while making it cheaper to drill and mine for fossil fuels on fed…",Yale.edu,2025-07-07T12:48:00Z,https://e360.yale.edu/digest/big-beautiful-bill-renewable-energy-china
A Double-Edged Sword: AI’s Janus Face In The Sweltering Climate Crisis,"We can allow AI to become another driver of environmental destruction, or we can harness its power to heal our wounded planet. The technology exists. we need will to act.",Forbes,2025-07-07T16:43:24Z,https://www.forbes.com/sites/corneliawalther/2025/07/07/a-double-edged-sword-ais-janus-face-in-the-sweltering-climate-crisis/
Fast Fashion’s Death Has Been Greatly Exaggerated,"Tariffs won’t kill the industry. In fact, they might even make waste and exploitation problems worse.",The Atlantic,2025-07-08T13:30:00Z,https://www.theatlantic.com/culture/archive/2025/07/fast-fashion-tariff-decline/683450/
"A shocking new way to make ammonia, no fossil fuels needed","Australian scientists have discovered a method to produce ammonia—an essential component in fertilizers—using only air and electricity. By mimicking lightning and channeling that energy through a small device, they’ve bypassed the traditional, fossil fuel-hea…",Science Daily,2025-07-05T04:48:34Z,https://www.sciencedaily.com/releases/2025/07/250704032934.htm
"Home of the Free Because of the Slaves? How Child Trafficking and China Are Fueled by Clean Energy—and Why the Big, Beautiful Bill Helps Change This","America is at an energy crossroads, and with the One Big Beautiful Bill Act—landmark legislation aimed at unleashing domestic energy production, securing critical mineral supply... Read More
The post Home of the Free Because of the Slaves? How Child Trafficki…",Daily Signal,2025-07-08T13:00:00Z,https://www.dailysignal.com/2025/07/08/home-of-the-free-because-of-the-slaves-how-child-trafficking-and-china-are-fueled-by-clean-energy-and-why-the-big-beautiful-bill-helps-change-this/
"Sorry If You Already Own One, but the Surface Pro Is Going for Peanuts This Prime Day",The Surface Pro is a strong alternative to the iPad Pro.,Gizmodo.com,2025-07-08T19:25:13Z,https://gizmodo.com/sorry-if-you-already-own-one-but-the-surface-pro-is-going-for-peanuts-this-prime-day-2000626062
Singaporeans Are Splurging Despite a Global Luxury Slump,"The city-state’s 240,000 millionaires outpace spending by other Asian markets amid declining luxury sales worldwide.",Robb Report,2025-07-07T23:00:00Z,https://robbreport.com/lifestyle/finance/singaporeans-splurge-during-global-luxury-slump-1236871150/
Apple Taps Sabih Khan As New COO As Jeff Williams Plans Retirement,BrianFagioli shares a report from NERDS.xyz: Apple is making a high-level leadership change that could significantly shape its future behind the scenes. The company has announced that longtime executive Jeff Williams will step down from his role as Chief Oper…,Slashdot.org,2025-07-08T22:40:00Z,https://apple.slashdot.org/story/25/07/08/2124250/apple-taps-sabih-khan-as-new-coo-as-jeff-williams-plans-retirement
EU Sticks With Timeline For AI Rules,"Reuters: The European Union's landmark rules on AI will be rolled out according to the legal timeline in the legislation, the European Commission said on Friday, dismissing calls from some companies and countries for a pause. 

Google owner Alphabet, Facebook…",Slashdot.org,2025-07-05T08:00:00Z,https://slashdot.org/story/25/07/04/198257/eu-sticks-with-timeline-for-ai-rules
UN Passes Climate Change Motion After Marshall Islands Drops Fossil Fuels Focus,"The U.N. Human Rights Council passed a motion on climate change and human rights by consensus Tuesday after the Marshall Islands withdrew a divisive amendment calling for states to recommit to a fossil fuel phase-out. The motion calls on countries ""to contrib…",Slashdot.org,2025-07-08T21:25:00Z,https://news.slashdot.org/story/25/07/08/2013257/un-passes-climate-change-motion-after-marshall-islands-drops-fossil-fuels-focus
"Near Antarctica, Saltier Seas Mean Less Ice, Study Finds",Some of the water around Antarctica has been getting saltier. And that has affected the amount of sea ice at the bottom of the planet. From a report: A study published Monday in the Proceedings of the National Academy of Sciences found that increases in salin…,Slashdot.org,2025-07-05T12:30:00Z,https://news.slashdot.org/story/25/07/04/1725220/near-antarctica-saltier-seas-mean-less-ice-study-finds
AI is shaking up Hollywood. Here are the startups and investors jumping into the fray.,Here's a rundown of the AI companies that are transforming Hollywood and the pitch decks some of them used to raise funding.,Business Insider,2025-07-07T09:05:01Z,https://www.businessinsider.com/startups-investors-ai-hollywood-pitch-decks
Squid Game Creator Reveals Alternate Ending That Fans Say Should've Been the Real One,The final season of Netflix's global phenomenon is here... with mixed reviews.,CNET,2025-07-07T17:35:38Z,https://www.cnet.com/tech/services-and-software/squid-game-creator-reveals-alternate-ending-that-fans-say-shouldve-been-the-real-one/
Big Solar & Battery News From Egypt & South Africa,"Egypt gets its first large integrated solar PV and battery storage plant — a 1.1 GW solar PV plant with integrated 200 MWh battery will deliver dispatchable clean energy, enhance grid stability, and manage peak demand. JUWI and JA Solar sign 420,000-panel dea…",CleanTechnica,2025-07-05T15:09:28Z,https://cleantechnica.com/2025/07/05/big-solar-battery-news-from-egypt-south-africa/
Postgres LISTEN/NOTIFY does not scale,Postgres LISTEN/NOTIFY can cause severe performance issues under high write concurrency due to a global lock during commit. Learn why it doesn't scale and how to avoid outages.,Recall.ai,2025-07-07T14:05:06Z,https://www.recall.ai/blog/postgres-listen-notify-does-not-scale
World Architecture Festival 2025 Shortlist: Carbon-Positive Hotels and Material Breakthroughs That Could Change How We Build,"World Architecture Festival 2025 Shortlist: Carbon-Positive Hotels and Material Breakthroughs That Could Change How We BuildThe World Architecture Festival just dropped its 2025 shortlist, and the results reveal a design world obsessed with solving climate ch…",Yanko Design,2025-07-07T22:30:23Z,https://www.yankodesign.com/2025/07/07/world-architecture-festival-2025-shortlist-carbon-positive-hotels-and-material-breakthroughs-that-could-change-how-we-build/
"BofA Sees Oil Prices to Fall in Autumn, Blanch Says","Francisco Blanch, head of global commodities and derivates research at Bank of America, discusses OPEC+'s recent decision to increase oil production for the ...",Yahoo Entertainment,2025-07-08T08:08:03Z,https://finance.yahoo.com/video/bofa-sees-oil-prices-fall-080803016.html
Top 5 Trends in Sustainable Luxury and Eco-Conscious Home Design for 2025,"Top 5 Trends in Sustainable Luxury and Eco-Conscious Home Design for 2025Humans are constantly evolving, and so is our way of thinking, living, and designing our homes. Once focused solely on the pursuit of luxury, we...",Yanko Design,2025-07-08T15:20:46Z,https://www.yankodesign.com/2025/07/08/top-5-trends-in-sustainable-luxury-and-eco-conscious-home-design-for-2025/
Kinetics awards seventh FSRU project to Seatrium,The conversion project is set to commence in Q3 2025 to develop an FSRU named LNGT Turkiye.,Offshore Technology,2025-07-07T14:43:10Z,https://www.offshore-technology.com/news/kinetics-awards-fsru-project-seatrium/
"Global Oil Output Steady, But Subtle Shifts Hint At Changes Ahead","Global oil consumption hit a record high in 2024, but supply is plateauing. The latest data from the 2025 Energy Review reveals a market in fragile balance.",Forbes,2025-07-08T10:00:00Z,https://www.forbes.com/sites/rrapier/2025/07/08/global-oil-output-steady-but-subtle-shifts-hint-at-changes-ahead/
Why it’s so hard to warn people about flash floods,"By definition, flash floods are notoriously difficult to warn people about well in advance. They form rapidly, giving forecasters hours of lead time at best to figure out where they might hit with specificity. We've seen this with devastating effect in Texas,…",The Verge,2025-07-08T19:06:46Z,https://www.theverge.com/climate-change/701077/flash-flood-forecast-texas-disaster
Meta Invests $3.5 Billion in World's Largest Eye-Wear Maker in AI Glasses Push,"Meta has acquired a $3.5 billion stake in Ray-Ban maker EssilorLuxottica, ""a deal that increases the U.S. tech giant's financial commitment to the fast-growing smart glasses industry,"" reports Bloomberg. From the report: Meta's investment in the eyewear giant…",Slashdot.org,2025-07-08T23:20:00Z,https://meta.slashdot.org/story/25/07/08/2147252/meta-invests-35-billion-in-worlds-largest-eye-wear-maker-in-ai-glasses-push
Tesla Stock's $1 Trillion Puzzle,"Chinese electric vehicles are becoming far more attractive, rendering Tesla's cars less appealing, particularly in global markets.",Forbes,2025-07-07T10:00:00Z,https://www.forbes.com/sites/greatspeculations/2025/07/07/tesla-stocks-1-trillion-puzzle/
Read the open letter circulating in support of the Sequoia partner who called Zohran Mamdani an 'Islamist',An open letter voicing support for Sequoia Capital partner Shaun Maguire is circulating online after the VC's remarks about Zohran Mamdani came under fire.,Business Insider,2025-07-08T21:18:57Z,https://www.businessinsider.com/shaun-maguire-letter-of-support-2025-7
Droip: The Modern Website Builder WordPress Needed,"Traditional page builders have shaped how we build WordPress sites for years. Let’s take a closer look at [Droip](https://droip.com/), a modern, no-code visual builder, and explore how it redefines the experience with cleaner performance, full design freedom,…",Smashingmagazine.com,2025-07-08T10:00:00Z,https://www.smashingmagazine.com/2025/07/modern-website-builder-wordpress-droip/
‘Warning Fatigue’ Might Have Made Texas Floods Deadlier,"The National Weather Service issued multiple alerts ahead of the deadly floods that devastated central Texas, but whether people actually responded to them is an important question.",Gizmodo.com,2025-07-07T17:30:49Z,https://gizmodo.com/warning-fatigue-might-have-made-texas-floods-deadlier-2000625092
Apple’s F1 movie expected to hit $300M at the box office this weekend,"Less than two weeks after its release, Apple’s F1 The Movie is about to cross the $300 million mark at the global box office. That puts it more than halfway to topping the combined worldwide grosses of all its previous theatrical runs, and validates its ambit…",9to5Mac,2025-07-05T19:04:56Z,https://9to5mac.com/2025/07/05/apple-f1-movie-expected-to-hit-300m-at-the-box-office-this-weekend/
How can we create a sustainable AI future?,"With innovation comes impact. Every time we take a step forward, we also need to tackle challenges, and AI is no different.",TechRadar,2025-07-08T06:54:01Z,https://www.techradar.com/pro/how-can-we-create-a-sustainable-ai-future
"AI power demand poses global supply risks, says Hitachi Energy",,Yahoo Entertainment,2025-07-07T11:41:47Z,https://consent.yahoo.com/v2/collectConsent?sessionId=1_cc-session_4e5e1eb9-f136-4d51-88d7-c5b94719d086
OnePlus announces Nord 5 and Nord CE 5 with specs tuned to global markets,OnePlus has launched new Nord 5 and Nord CE5 mid-rangers with unwelcome cutbacks to the batteries for global variants.,Android Authority,2025-07-08T09:00:47Z,https://www.androidauthority.com/oneplus-nord-5-nord-ce-5-launch-global-3574399/
America and China: A tale of two huge greenhouse gas emitters,"The world’s two big national economies present a study in contrast when it comes to climate action, especially after the US passed its One Big Beautiful Bill. But the worst of times in the US needn’t be the best of times for China alone. India should accelera…",Livemint,2025-07-08T10:30:01Z,https://www.livemint.com/opinion/online-views/clean-energy-trump-inflation-reduction-act-us-policy-ev-tax-credits-china-renewable-hydrogen-one-big-beautiful-bill-11751890479266.html
"Rivian CEO: Trump Policy Changes 'Bad for the World, Bad for the U.S.’ — But Good for Rivian","Rivian's CEO RJ Scaringe told the media that the policies of Donald Trump's administration are, in his opinion, a negative to the U.S. and the world but they...",RoadandTrack.com,2025-07-08T15:51:00Z,https://www.roadandtrack.com/news/a65334052/rivian-ceo-rj-scaringe-trump-policies-bad-for-the-world-usa-good-for-his-company/
Sabrina Carpenter tones down headline show - but she's still at her best,The 26-year-old US singer was in London to headline the first of two nights at the BST festival.,BBC News,2025-07-06T00:17:47Z,https://www.bbc.com/news/articles/cwyqr1q8ypno
Get the location of the ISS using DNS,"I love DNS esoterica. Weird little things that you can shove in the global directory to be distributed around the world instantly(ish).  Domain names, like www.example.com usually resolve to servers. As much as we think of ""the cloud"" as being some intangible…",Shkspr.mobi,2025-07-06T12:32:46Z,https://shkspr.mobi/blog/2025/07/get-the-location-of-the-iss-using-dns/
"Crisis in the copper chain: innovation, geopolitics and Australia’s role","A widening demand-supply gap in the copper market is driving innovations to help miners go deeper, and further, than before.",Mining Technology,2025-07-07T13:25:41Z,https://www.mining-technology.com/features/crisis-in-the-copper-chain-innovation-geopolitics-and-australias-role/
Trump Administration Reignites Criticism of Apple's China Dependence,"Apple is once again under pressure from the Trump administration over its dependence on Chinese manufacturing, as senior trade advisor Peter Navarro publicly criticized CEO Tim Cook for failing to shift iPhone production to the United States.





In an inter…",MacRumors,2025-07-08T01:51:50Z,https://www.macrumors.com/2025/07/07/trump-administration-reignites-apple-criticism/
What time does Persona 5 The Phantom X version 1.1 release?,"Persona 5: The Phantom X version 1.1 is coming on Thursday, July 10 with potentially new characters and story content. The first update is on its way, but what’s actually in the update is a little ambiguous. All we know so far is when the update will occur, b…",Polygon,2025-07-08T21:03:33Z,https://www.polygon.com/persona-5-phantom-x-guides/611474/version-1-1-release-time-maintenance-end-start-zone-utc
Everyone Is Yelling at Apple,Climate activists and Trump advisors are on the same page on one thing: they hate Apple.,Gizmodo.com,2025-07-07T20:45:26Z,https://gizmodo.com/everyone-is-yelling-at-apple-right-now-2000625234
Carbon capture project 'to boost hundreds of jobs',Chancellor Rachel Reeves said the Peak Cluster project would modernise the cement and lime industry.,BBC News,2025-07-07T05:01:43Z,https://www.bbc.com/news/articles/cz7lpg859pjo
Xperia 1 VII sales halted in Japan due to random shutdown issues,"Sony has suspended Xperia 1 VII sales in Japan after reports of random reboots and shutdowns. Global units appear unaffected for now.
The post Xperia 1 VII sales halted in Japan due to random shutdown issues appeared first on Phandroid.",Phandroid - News for Android,2025-07-07T10:00:05Z,https://phandroid.com/2025/07/07/xperia-1-vii-sales-halted-in-japan-due-to-random-shutdown-issues/
An ambitious vision of a city built from lava,"At the Venice Biennale, a project by Icelandic firm s.ap arkitektar envisions the year 2150, when buildings and cities made from lava could be a reality.",CNN,2025-07-07T17:33:03Z,https://www.cnn.com/2025/07/03/style/lava-material-architecture-venice-biennale
‘RM4bil potential investments from PM’s visit to France’,"PETALING JAYA: Malaysia has successfully attracted potential investments worth RM4bil from French firms, following Prime Minister Datuk Seri Anwar Ibrahim's recent visit to France, says Tengku Datuk Seri Zafrul Abdul Aziz (pic). Read full story",The Star Online,2025-07-06T16:00:00Z,https://www.thestar.com.my/news/nation/2025/07/07/rm4bil-potential-investments-from-pms-visit-to-france
Eve Online has changed how pilots buy and sell its fancy golden space ticket known as Plex,"Skullduggerous space MMO Eve Online has changed the way its glittering golden subscription token is sold in the hellish hypercapitalist void. The change affects Plex, a shiny type of trade good you can use to re-up your subscription to the game. From now on, …",Rock Paper Shotgun,2025-07-08T14:18:23Z,https://www.rockpapershotgun.com/eve-online-has-changed-how-pilots-buy-and-sell-its-fancy-golden-space-ticket-known-as-plex
Are China-Linked Organizations Affecting US Environmental Policies?,"China-linked entities have their fingerprints on climate lobbying and lawsuits in the U.S., causing alarm among some lawmakers and watchdog organizations.  “I don’t know the... Read More
The post Are China-Linked Organizations Affecting US Environmental Polic…",Daily Signal,2025-07-06T15:00:00Z,https://www.dailysignal.com/2025/07/06/are-china-linked-organizations-affecting-environmental-policies/
Startup founders and others in tech call on Sequoia Capital to act after a partner called Zohran Mamdani an 'Islamist',Self-described tech workers and founders are petitioning the venture capital company to take disciplinary action over a partner's comments.,Business Insider,2025-07-08T03:16:23Z,https://www.businessinsider.com/open-letter-sequoia-capital-partner-shaun-maguire-zohran-mamdani-islamist-2025-7
"Meet South Korea's new millennial beauty billionaire, who counts Kylie Jenner as a fan of his skincare gadgets","With a 31% stake in APR Corp., CEO and beauty mogul Kim Byung-Hoon now has a net worth of $1.3 billion.",Business Insider,2025-07-08T07:30:49Z,https://www.businessinsider.com/south-korea-kim-byung-hoon-beauty-billionaire-kylie-jenner-fan-2025-7
The dangerous anti-abortion victory buried in Trump’s megabill,The Atlantic called the president’s “One Big Beautiful Bill Act” the biggest anti-abortion victory since Roe v. Wade was overturned. That’s because the mega-...,Yahoo Entertainment,2025-07-06T18:51:07Z,https://www.yahoo.com/news/dangerous-anti-abortion-victory-buried-185107546.html
"CPER Sinks as China, Dollar Tariffs Weigh on Copper","- Trade tensions and demand worries are among catalysts contributing to recent dip in copper prices. - However, weakness in the industrial metal may be short...",Etf.com,2025-07-07T21:16:02Z,http://www.etf.com/sections/news/cper-copper-price-china-dollar-tariffs?utm_source=yahoo-financeutm_medium=rssutm_campaign=yahoo-finance-rss
Ryan Castro Unveils First Solo World Tour,"The first leg of the Colombian rapper's tour includes stops in the U.S., Europe, and Latin America",Rolling Stone,2025-07-08T15:47:09Z,http://www.rollingstone.com/music/music-news/ryan-castro-world-tour-1235380407/
Pride in London returns as events struggle with falling funds,UK Pride organisers tell the BBC that less sponsorship funding and fewer volunteers are behind cancelled events.,BBC News,2025-07-05T05:00:51Z,https://www.bbc.com/news/articles/c0q877y7g9eo
How Fossil Fuels Became The Lifeblood Of The Food Supply.,"A new study shows how fossil fuels are embedded across of the food chain. While their use in food systems is accelerating, fossil fuel dependence is not inevitable.",Forbes,2025-07-07T11:00:00Z,https://www.forbes.com/sites/errolschweizer/2025/07/07/how-fossil-fuels-became-the-lifeblood-of-the-food-supply/
Bloomberg made a rare cut to staff in a newsroom overhaul. Read the memo breaking down the changes.,Bloomberg announced a newsroom reorg and staff cut but said it would end the year with more employees.,Business Insider,2025-07-08T20:42:37Z,https://www.businessinsider.com/bloomberg-made-rare-staff-cut-newsroom-overhaul-staff-memo-2025-7
Iran's supreme leader makes first public appearance since Iran-Israel war started,"Iran’ s Supreme Leader Ayatollah Ali Khamenei on Saturday made his first public appearance since the 12-day war between Israel and Iran began, attending a...",Yahoo Entertainment,2025-07-05T19:29:32Z,https://www.yahoo.com/news/irans-supreme-leader-attends-ceremony-192932006.html
"As women have far fewer babies, the U.S. and the world face unprecedented challenges","Far more families are choosing to have fewer — or no — children. Many countries, including the U.S., now face a rapidly aging population that could begin to shrink.",NPR,2025-07-07T04:01:00Z,https://www.npr.org/2025/07/07/nx-s1-5388357/birth-rate-fertility-replacement-pronatalist-politics
"Energy, The Best Of Texas; Flooding, The Worst Of Texas","Energy resources are the best of Texas, meaning oil and gas and wind. The flash flood of July 4 represents the worst of Texas. Our thoughts go out to families who have lost loved ones.",Forbes,2025-07-08T03:38:20Z,https://www.forbes.com/sites/ianpalmer/2025/07/07/energy-the-best-of-texas-flooding-the-worst-of-texas/
China buying up mines globally – FT,Beijing is reportedly racing to lock in critical mineral supplies as the West restricts Chinese investments Read Full Article at RT.com,RT,2025-07-07T17:30:35Z,https://www.rt.com/business/621153-china-buying-mines-globally/
"Inside Carlyle's AI rollout: Tech chief shares wins, challenges, and cost savings","Lucia Soares is rolling out AI at investment giant Carlyle. She spoke to BI about the successes, pitfalls, and checks and balances.",Business Insider,2025-07-07T09:00:02Z,https://www.businessinsider.com/carlyle-group-lucia-soares-technology-chief-ai-playbook-jobs-chatgpt-2025-7
"The Gates Foundation’s Global Reach Expands, to Mixed Reviews","The Gates Foundation steps into the void left by the U.S., and brings with it limited accountability, conflicts of interest, and a history of failure in its stated mission.",Nakedcapitalism.com,2025-07-06T09:00:22Z,https://www.nakedcapitalism.com/2025/07/the-gates-foundations-global-reach-expands-to-mixed-reviews.html
Which Universities Mint The Most PhDs In Key Technology Areas?,"MIT, Stanford and UC-Berkeley are the top producers of PhDs across several key technology areas, & federal agencies are the main sponsors of the work, finds a new study.",Forbes,2025-07-07T10:00:00Z,https://www.forbes.com/sites/michaeltnietzel/2025/07/07/which-universities-produce-the-most-phds-in-critical-technology-areas/
Triffin Dilemma: How the US Genius Act Could Trigger a 'Digital Nixon Shock,"In July 2025, a bill that will rewrite a page of cryptocurrency history passed the U.S. Senate. It is the GENIUS Act (Guardrails Ensuring National Interest, Utility, and Stability Act). On the surface, it seems like a simple regulatory bill, but it is actuall…",Haebom.dev,2025-07-06T08:03:15Z,https://www.haebom.dev/archive?tl=en&post=943zqpmqrk14g2wnvy87
Bad Bunny Unveils Music Video for “NUEVAYoL”,"Summary“NUEVAYoL” blends salsa and dembow, sampling “Un Verano en Nueva York” to honor Puerto Rican musical rootsThe video features moments of cultural pride, including a quinceañera and scenes of everyday Nuyorican lifeReleased on July 4, the visuals highlig…",HYPEBEAST,2025-07-07T07:24:56Z,https://hypebeast.com/2025/7/bad-bunny-music-video-nuevayol
Why chronic heat stress makes chickens fatter: New insights into poultry metabolism,"Broiler chickens, bred for rapid growth, accumulate more fat under chronic heat stress, which reduces meat quality and production efficiency. In a recent study, researchers from Japan revealed that heat stress directly alters fat metabolism in adipose tissue,…",Phys.Org,2025-07-08T19:32:26Z,https://phys.org/news/2025-07-chronic-stress-chickens-fatter-insights.html
Dalai Lama celebrates 90th birthday with followers in north Indian town,"Cultural performances mark the occasion, while messages from global leaders are read out during the ceremony.",Al Jazeera English,2025-07-06T13:40:03Z,https://www.aljazeera.com/news/2025/7/6/dalai-lama-celebrates-90th-birthday-with-followers-in-north-indian-town
"The Great Cable TV Garage Sale continues: Now Lifetime, A&E, and the History Channel are on the block","Cable TV networks are declining, but they still generate profits, for now. The trick is figuring out what to do with them.",Business Insider,2025-07-08T17:33:00Z,https://www.businessinsider.com/cable-tv-garage-sale-continues-lifetime-history-channels-2025-7
Tesla (TSLA) Powers Cleaner Future Despite Delivery Decline and Analyst Uncertainty,"Tesla Inc. (NASDAQ:TSLA) is one of the 10 best sustainability stocks to buy now. Tesla’s impact spans electric vehicles, battery storage, and distributed...",Yahoo Entertainment,2025-07-07T14:14:29Z,https://finance.yahoo.com/news/tesla-tsla-powers-cleaner-future-141429542.html
"NDB’s mandate needs renewal with focus on agility, efficiency: FM Sitharaman","‘NBD has approved more than 100 projects and it has approved more than $35 billion in financing across member countries, including key Indian initiatives, like the metro rail, renewable energy and water management’",BusinessLine,2025-07-05T07:02:41Z,https://www.thehindubusinessline.com/money-and-banking/ndbs-mandate-needs-renewal-with-focus-on-agility-efficiency-fm-sitharaman/article69775835.ece
China is increasingly a home to major brands,My journey to a Huawei watch,Substack.com,2025-07-07T21:39:17Z,https://musgrave.substack.com/p/oh-no-i-betrayed-america
What difference has BRICS made on the world stage?,The bloc of nations has expanded and aims to reform what it calls a Western-led global order.,Al Jazeera English,2025-07-07T20:34:53Z,https://www.aljazeera.com/video/inside-story/2025/7/7/what-difference-has-brics-made-on-the-world-stage
"BRICS condemns attacks on Iran, Gaza war, Trump tariffs: Key takeaways",Bloc takes firm positions at summit on key global conflicts while avoiding criticism of Russia for the Ukraine war.,Al Jazeera English,2025-07-07T13:34:58Z,https://www.aljazeera.com/news/2025/7/7/brics-condemns-attacks-on-iran-gaza-war-trump-tariffs-key-takeaways
"Visualising US manufacturing, as Trump’s tariff deadline looms","The US is the world’s second-largest manufacturer after China, adding $2.9 trillion to the global economy.",Al Jazeera English,2025-07-08T09:14:31Z,https://www.aljazeera.com/news/2025/7/8/visualising-us-manufacturing-as-trumps-tariff-deadline-looms
UN expert says firms aiding Israel’s genocide can be prosecuted,"In her UN report, Francesca Albanese says global firms profiting from Israel's genocide can be held accountable.",Al Jazeera English,2025-07-08T16:52:15Z,https://www.aljazeera.com/video/newsfeed/2025/7/8/un-expert-says-firms-aiding-israels-genocide-can-be-prosecuted
How an al-Qaeda offshoot became one of Africa's deadliest militant groups,JNIM has emerged as the deadliest jihadist group in West Africa as armies struggle to stem the attacks.,BBC News,2025-07-07T01:04:56Z,https://www.bbc.com/news/articles/cg4r5wylwq6o
Former Arsenal sporting director Edu joins Forest,Former Arsenal sporting director Edu joins Nottingham Forest in a newly established global head of football role.,BBC News,2025-07-07T17:12:58Z,https://www.bbc.com/sport/football/articles/c24v698en8vo
Disney And Hearst Exploring Sale Of A+E Global Media,"A+E Global Media, parent of long-established cable networks A&E, History and Lifetime, is exploring a potential sale. The company, a joint venture of Disney and Hearst which rebranded earlier this year from A+E Networks, has retained Wells Fargo to help it lo…",Deadline,2025-07-08T13:46:10Z,http://deadline.com/2025/07/disney-and-hearst-exploring-sale-of-ae-global-media-cable-tv-1236451721/
"Oil prices ease as traders assess US tariffs, OPEC+ output hike","(Reuters) -Oil prices eased on Tuesday after rising almost 2% in the previous session, as investors assessed new developments on U.S. tariffs and a higher...",Yahoo Entertainment,2025-07-08T00:50:32Z,https://uk.finance.yahoo.com/news/oil-prices-ease-traders-assess-005032732.html
Coca-Cola Investigation Could Shake Up the Beverage Industry,Coca-Cola is back in the hot seat. The Turkish government has launched an investigation into the beverage giant over allegations it’s using its market power ...,Men's Journal,2025-07-06T01:18:13Z,https://www.mensjournal.com/food-drink/coca-cola-investigation-could-shake-up-the-beverage-industry
